Hour,Total_Utilization_MW
0,13.303499999999998
1,13.0605
2,12.708499999999999
3,12.969250000000002
4,12.240249999999998
5,12.51225
6,12.76
7,13.000749999999998
8,12.575999999999999
9,12.98025
10,12.782750000000002
11,12.889250000000002
12,12.7035
13,12.34025
14,12.594999999999999
15,12.826749999999997
16,12.717249999999998
17,12.788499999999999
18,12.426000000000002
19,12.842500000000001
20,12.99225
21,12.72075
22,12.7355
23,12.961500000000001
24,12.876
25,12.545499999999999
26,12.723750000000003
27,13.021
28,13.003499999999997
29,12.989250000000004
30,12.634749999999999
31,12.927249999999999
32,13.04125
33,12.830749999999997
34,12.862249999999998
35,12.98025
36,13.118
37,12.79425
38,12.804250000000003
39,12.708250000000001
40,12.31275
41,12.65625
42,12.33925
43,12.469
44,12.479750000000001
45,12.82
46,12.09875
47,12.60275
48,12.322249999999999
49,12.415499999999996
50,12.179250000000001
51,12.21175
52,12.34625
53,12.61875
54,12.419250000000003
55,12.723250000000002
56,12.7395
57,12.710499999999998
58,12.557
59,12.824250000000001
60,13.067499999999997
61,12.913499999999999
62,13.121749999999999
63,12.663749999999999
64,12.04925
65,11.768
66,12.027
67,12.152500000000002
68,11.90025
69,12.267249999999997
70,12.429499999999997
71,12.066
72,12.2845
73,12.302500000000002
74,11.845
75,11.923499999999999
76,12.265999999999998
77,12.352750000000002
78,12.36025
79,12.381
80,12.423000000000002
81,12.29425
82,12.541000000000002
83,12.866749999999998
84,13.282250000000003
85,13.02125
86,12.83975
87,12.533749999999998
88,12.48625
89,13.152500000000003
90,13.049500000000002
91,12.720500000000001
92,12.443249999999999
93,13.018749999999999
94,12.7675
95,12.847500000000002
96,13.2265
97,12.591999999999999
98,12.673999999999998
99,12.90075
100,12.804750000000004
101,12.25275
102,12.9415
103,13.112
104,13.143749999999999
105,13.073999999999998
106,12.862
107,12.857000000000001
108,12.83825
109,12.802999999999999
110,12.79625
111,12.323
112,12.021
113,12.853499999999999
114,12.375749999999998
115,12.08
116,12.464999999999998
117,12.452750000000002
118,12.294000000000002
119,12.67075
120,13.078250000000002
121,12.54725
122,12.68175
123,12.926
124,12.514749999999998
125,12.774500000000002
126,12.829999999999998
127,13.033250000000002
128,12.921999999999999
129,12.80475
130,12.903250000000002
131,12.673000000000002
132,13.362499999999999
133,13.263499999999999
134,13.211
135,12.869500000000002
136,12.27125
137,12.244500000000002
138,11.98975
139,12.258500000000003
140,12.17125
141,12.4805
142,12.587000000000002
143,12.277499999999998
144,12.583
145,12.364000000000003
146,12.547500000000001
147,12.728
148,12.844749999999998
149,12.82425
150,12.969249999999997
151,12.708250000000001
152,12.790500000000002
153,12.749749999999999
154,12.80325
155,12.857250000000002
156,13.164000000000001
157,13.1235
158,13.036250000000003
159,12.980000000000002
160,12.37175
161,12.645249999999999
162,12.629
163,12.63525
164,13.04725
165,12.64025
166,12.381500000000003
167,12.53975
168,12.798
169,12.664000000000001
170,12.338500000000002
171,12.522
172,12.234000000000002
173,12.683
174,12.752250000000002
175,12.808250000000003
176,12.988
177,12.572000000000001
178,12.085
179,12.656250000000002
180,13.066
181,13.539
182,13.66525
183,13.299749999999998
184,13.08825
185,13.191249999999998
186,12.817750000000002
187,12.435749999999999
188,13.0835
189,13.3275
190,13.012749999999997
191,12.6325
192,12.52775
193,12.809750000000001
194,12.47625
195,12.807500000000003
196,13.02475
197,13.271
198,13.155500000000002
199,13.121999999999998
200,12.93775
201,13.02425
202,12.90425
203,13.338999999999999
204,13.009749999999999
205,13.253749999999998
206,13.396750000000003
207,13.409
208,13.201749999999999
209,12.9935
210,12.76475
211,13.045250000000001
212,13.23675
213,13.195500000000001
214,13.051499999999999
215,13.338999999999999
216,13.006750000000002
217,12.773749999999998
218,13.184499999999998
219,13.09025
220,12.482750000000001
221,13.024500000000002
222,12.8025
223,13.129
224,12.800249999999998
225,12.97025
226,12.861249999999998
227,13.36175
228,13.05675
229,12.951749999999997
230,13.6935
231,13.63575
232,13.6855
233,13.5655
234,13.15275
235,13.351500000000001
236,13.640500000000001
237,13.705999999999998
238,13.305750000000002
239,13.043750000000001
240,13.06125
241,12.897750000000002
242,12.509750000000002
243,12.348250000000002
244,12.74675
245,12.478500000000002
246,12.42825
247,12.883499999999998
248,13.421999999999999
249,13.373500000000002
250,13.37375
251,13.262749999999999
252,13.450249999999997
253,12.892250000000002
254,12.704750000000002
255,12.9255
256,13.280749999999998
257,12.802749999999998
258,12.476749999999997
259,12.2035
260,12.51225
261,12.32275
262,12.618
263,12.464
264,12.873250000000004
265,12.327
266,12.600249999999997
267,12.709249999999999
268,12.843250000000003
269,11.932000000000002
270,12.096000000000002
271,12.404249999999998
272,13.120250000000004
273,13.501750000000001
274,13.084749999999998
275,13.515
276,13.428500000000001
277,13.3075
278,13.529249999999998
279,13.354500000000002
280,13.625250000000003
281,13.3155
282,13.027499999999998
283,12.999499999999998
284,12.8125
285,12.353749999999998
286,12.598749999999997
287,12.880250000000002
288,12.9715
289,12.738750000000003
290,13.241
291,12.77625
292,13.224749999999998
293,13.26025
294,12.886250000000004
295,12.922000000000002
296,12.85875
297,12.884500000000001
298,13.19475
299,12.808999999999997
300,13.28575
301,13.46225
302,13.649499999999998
303,13.507999999999997
304,13.15175
305,13.16675
306,13.615250000000001
307,13.4495
308,13.537999999999998
309,13.56125
310,12.182749999999999
311,12.368249999999998
312,13.5445
313,12.757
314,12.820500000000001
315,13.18725
316,12.869749999999998
317,12.921000000000001
318,12.906500000000003
319,12.789000000000001
320,13.020000000000001
321,13.140750000000002
322,13.109499999999999
323,13.558250000000001
324,13.542500000000002
325,13.719249999999995
326,13.674
327,13.677999999999999
328,13.198749999999999
329,13.520999999999999
330,13.624
331,13.335499999999998
332,13.687499999999998
333,13.548
334,13.238749999999998
335,13.218499999999999
336,13.333749999999997
337,12.992750000000001
338,12.954250000000002
339,13.00775
340,12.490249999999998
341,12.93125
342,13.202250000000001
343,12.6995
344,12.62025
345,13.030750000000003
346,12.72875
347,12.673250000000001
348,13.445999999999998
349,13.279000000000002
350,13.699
351,13.591499999999998
352,13.388750000000002
353,13.63725
354,13.813500000000003
355,13.562500000000002
356,13.592
357,13.755999999999998
358,13.549750000000001
359,13.392000000000001
360,13.119750000000002
361,12.997750000000002
362,12.9585
363,13.10675
364,12.90675
365,13.37825
366,13.380749999999999
367,13.14925
368,13.21475
369,13.38125
370,13.54125
371,13.6595
372,13.594999999999999
373,13.44775
374,13.454999999999998
375,13.38525
376,13.446999999999997
377,13.549249999999999
378,13.212750000000002
379,13.163749999999999
380,13.121250000000002
381,12.873
382,12.951500000000001
383,12.774
384,12.96875
385,13.019750000000002
386,13.4495
387,13.105000000000002
388,12.313249999999998
389,12.580999999999998
390,13.12375
391,13.1535
392,13.41125
393,13.17525
394,13.31125
395,13.49
396,13.296
397,13.591249999999997
398,13.41375
399,13.301749999999998
400,13.090499999999999
401,13.1715
402,13.56525
403,13.313
404,13.5525
405,13.31275
406,12.7635
407,12.95275
408,12.77725
409,12.56125
410,12.5035
411,12.706999999999999
412,12.774499999999998
413,12.286499999999998
414,12.173499999999999
415,12.99375
416,13.7055
417,13.548499999999999
418,12.544999999999996
419,12.25775
420,12.809000000000003
421,12.748000000000003
422,12.616999999999999
423,12.443750000000001
424,12.362499999999999
425,11.9415
426,11.813749999999999
427,11.805000000000001
428,11.574750000000002
429,12.162999999999998
430,11.722500000000002
431,11.805
432,12.182249999999998
433,11.783750000000003
434,11.59075
435,11.683750000000003
436,11.909500000000001
437,11.932500000000003
438,12.056750000000001
439,12.426750000000004
440,12.168750000000001
441,12.49225
442,12.082999999999998
443,12.14775
444,12.476999999999999
445,12.488500000000002
446,12.6895
447,12.155500000000002
448,12.04325
449,12.095999999999998
450,11.4745
451,11.7795
452,11.675000000000002
453,11.578000000000001
454,11.620999999999997
455,11.82275
456,12.196999999999997
457,11.838500000000002
458,12.1685
459,12.405999999999999
460,12.285000000000002
461,12.25575
462,12.98475
463,13.126
464,13.40775
465,13.840750000000002
466,13.395000000000001
467,13.357500000000002
468,13.492249999999999
469,13.229999999999997
470,13.260000000000003
471,12.856
472,12.75
473,13.096499999999999
474,13.1655
475,13.083250000000001
476,13.08325
477,12.185
478,11.832999999999998
479,12.389249999999999
480,12.450250000000002
481,12.361500000000001
482,12.45975
483,12.238499999999997
484,12.469500000000002
485,13.372000000000002
486,13.21725
487,13.111749999999995
488,13.625749999999998
489,13.461
490,13.578499999999998
491,13.677500000000002
492,13.915500000000002
493,13.65325
494,13.92
495,13.813499999999998
496,13.68475
497,13.819
498,13.759
499,13.918
500,13.92275
501,13.885750000000002
502,13.599750000000002
503,13.619
504,13.589
505,13.44925
506,13.432
507,13.53
508,13.328250000000002
509,13.389500000000004
510,13.283
511,13.536500000000002
512,13.310750000000004
513,13.624250000000004
514,13.568499999999998
515,13.578999999999999
516,13.34325
517,13.27925
518,13.71175
519,13.75125
520,13.607
521,13.76625
522,13.933250000000001
523,13.67275
524,13.946750000000002
525,13.754999999999997
526,13.52475
527,13.650250000000002
528,13.566250000000002
529,13.307250000000002
530,13.250250000000001
531,13.573749999999999
532,13.82925
533,13.83025
534,13.588750000000003
535,13.8165
536,13.72225
537,13.8055
538,13.787500000000003
539,13.836250000000001
540,14.050499999999998
541,14.114000000000004
542,14.02775
543,13.987749999999998
544,14.14275
545,13.85575
546,14.16025
547,14.21625
548,14.258499999999998
549,14.1175
550,14.179
551,14.061250000000001
552,14.1395
553,14.040749999999997
554,14.13125
555,14.153749999999997
556,14.16975
557,13.9855
558,13.734500000000002
559,13.4735
560,13.696999999999997
561,13.9035
562,14.1535
563,14.038499999999999
564,13.981249999999998
565,13.646749999999999
566,13.811
567,14.106749999999998
568,14.0475
569,13.88225
570,13.87225
571,13.562999999999997
572,13.690249999999999
573,13.59875
574,13.5695
575,13.577999999999998
576,13.555500000000002
577,13.4715
578,13.463500000000002
579,13.631749999999998
580,13.595500000000001
581,13.4495
582,13.486249999999998
583,13.88
584,13.929
585,13.922000000000002
586,13.694
587,13.74
588,13.95975
589,14.103250000000001
590,14.038749999999999
591,13.80775
592,13.869750000000002
593,14.003250000000001
594,14.118250000000002
595,13.972250000000003
596,13.9165
597,13.459000000000001
598,13.3135
599,13.528750000000002
600,13.1145
601,13.23025
602,13.495499999999998
603,13.28675
604,13.401000000000002
605,13.091500000000002
606,13.4165
607,13.374250000000002
608,13.531249999999998
609,13.339
610,13.03375
611,13.595999999999998
612,13.857749999999998
613,13.937
614,13.8925
615,13.6565
616,13.384749999999999
617,13.542500000000002
618,13.6785
619,13.863750000000003
620,13.784999999999997
621,13.325000000000001
622,13.103499999999999
623,12.971499999999999
624,13.312
625,12.859000000000002
626,13.126000000000005
627,13.344499999999998
628,13.653
629,13.39425
630,13.34975
631,13.46275
632,13.633000000000003
633,13.367499999999998
634,13.140499999999998
635,13.66125
636,13.738999999999999
637,13.964
638,13.999000000000002
639,13.926749999999998
640,13.1905
641,13.646500000000001
642,13.689
643,13.494000000000002
644,13.79325
645,13.762499999999998
646,13.264000000000001
647,13.20525
648,13.721749999999995
649,13.7755
650,13.147499999999999
651,13.138249999999998
652,12.892000000000003
653,12.732750000000001
654,13.054000000000002
655,13.5295
656,13.242750000000001
657,12.884749999999999
658,13.102749999999999
659,13.47775
660,13.547250000000004
661,13.17525
662,13.415000000000001
663,13.3685
664,13.607999999999999
665,13.2415
666,13.478249999999997
667,13.712250000000003
668,13.4895
669,13.628750000000002
670,12.854749999999997
671,12.914500000000002
672,13.494749999999998
673,13.53975
674,12.8795
675,12.9355
676,13.179249999999998
677,13.567250000000001
678,13.277249999999997
679,13.205250000000001
680,12.83975
681,13.018250000000002
682,12.55775
683,12.304499999999997
684,12.698749999999999
685,12.9405
686,13.335750000000003
687,12.831250000000002
688,13.40775
689,13.434999999999997
690,13.741999999999997
691,13.182000000000002
692,13.576500000000001
693,13.101750000000001
694,13.255749999999999
695,12.603500000000002
696,13.457
697,13.172000000000002
698,13.288499999999999
699,12.704
700,12.126249999999999
701,13.17825
702,13.3945
703,13.482000000000001
704,13.6825
705,13.4585
706,13.639250000000002
707,13.8065
708,13.676000000000002
709,13.4615
710,13.72
711,13.78525
712,13.77125
713,13.5845
714,13.78325
715,13.578750000000001
716,13.600999999999999
717,13.769000000000004
718,13.4945
719,13.37925
720,13.559
721,13.180749999999998
722,13.869
723,13.781250000000002
724,13.380250000000002
725,12.535750000000002
726,13.431
727,13.59225
728,13.550249999999998
729,13.613
730,13.24675
731,13.647750000000002
732,13.890749999999999
733,13.829499999999998
734,13.96825
735,14.16125
736,13.318500000000002
737,13.423499999999999
738,13.811499999999997
739,13.674999999999999
740,13.803999999999997
741,13.742249999999999
742,12.99075
743,12.470999999999998
